Project_name,Commit,TP_Semantic,TP_Semantic_Auto,TP_Semantic_Manual,FP,TN,FN,CR_Semantic,CR_Fine,FineDiffs,FineDiffs_Auto_Resolved,FineDiffs_Manual_Resolved,Status
closure-compiler,161666f048d59314dc1ecdcb57f0a578e68188a5,3,3,0,0,0,0,3,3,6,3,3
closure-compiler,1df58e0e2af1a1235f4dfaec840e9fb5efe810eb,11,9,2,0,0,1,12,5,17,10,7
closure-compiler,3f15665514934d20fe8caa8e73924bd229d30bcc,9,9,0,0,0,0,9,6,17,11,6
closure-compiler,6b4e69083998c9683e34f21d191f3e2f11412ec8,31,27,4,1,0,0,32,31,70,35,35
closure-compiler,8e98b4a1af50ce0ea548696ca50ccf29cfc5d50c,8,3,5,0,0,0,8,13,24,6,18
closure-compiler,a253b7b4e4a1ee07ac4dcda61850ee6f5f4397b5,0,0,0,0,0,0,0,4,5,1,4
closure-compiler,a506e4a7a5a5863767395b67a87d1dfb14a4a29a,6,4,2,0,0,4,10,11,23,10,13
closure-compiler,acb20e5fa9f13493673e90ca0d1e28ededcac1c7,2,2,0,0,0,0,2,1,3,2,1
closure-compiler,b0b57318ee30e3b6ca7f6fa57cb9099b8c41adf0,0,0,0,0,0,0,0,2,2,0,2
closure-compiler,e3f2c15dfd370b53bbcd31067ea4d8f201c2a4cb,2,2,0,0,0,0,2,98,146,48,98
error-prone,07559b47674594fdf40f2855f83b492f67f9093c,1,1,0,0,0,0,1,0,1,1,0
error-prone,0e97a336019b2590a5a486cd4d0249a60db36eb7,0,0,0,0,0,0,0,2,3,1,2
error-prone,f95b432f949ca794b9445058d5f5fa185142c7ff,0,0,0,0,0,0,0,2,3,1,2
jabref,25a2e0765ae63807275a8a36f5571502007461bb,4,3,1,0,0,0,4,7,14,6,8
jabref,4cfeb6d56f63e1138eba943593c60854ea6d7222,42,41,1,0,0,8,50,246,297,50,247
jabref,62f3038278b52e2bdc2aa68340f10268da3d51d3,0,0,0,0,0,0,0,2,2,0,2
jabref,6728e4ebbb1d8463d4b80e18abc2e5cddcc39693,0,0,0,0,0,0,0,0,0,0,0
jabref,822168a95fe0dba752fa67387f8c670a92af9e30,0,0,0,0,0,0,0,0,0,0,0
jabref,caf7232d61e2bc3717efe0865fda1b2da5de75a1,0,0,0,0,0,0,0,2,2,0,2
jabref,e2186e78c50b6b285059d537611decb6be2b0403,1,0,1,0,0,0,1,0,1,0,1
jabref,ead191e9c555bcdff0736468329d902f8139ac08,0,0,0,0,0,0,0,0,0,0,0
junit4,02fc1f509a670de3632417bbf33168989bfcf872,1,1,0,0,0,0,1,3,4,1,3
junit4,39d30b21b3a632f158274c6937c13499cd0758f3,2,2,0,0,0,0,2,36,39,3,36
junit4,4f9eee58782d30d873b3739095c8c2e01f59fc7a,0,0,0,0,0,0,0,4,4,0,4
junit4,6bc83a0d3a67e36adc2733a125bf928c49f702f9,0,0,0,0,0,0,0,0,0,0,0
junit4,93d773835c0c6f70bc89bbf5e4d273c289423a64,2,1,1,0,0,0,2,0,2,1,1
junit4,956f86fa4c406a923d5366b5906e3431e9d0717d,1,1,0,0,0,0,1,2,3,1,2
junit4,9577910167086e05873565b7ed4df6de4815d3bc,1,1,0,0,0,0,1,2,3,1,2
junit4,b5fb9c92dfb1380b8a8b0b53aea3e7f7627ee03c,1,1,0,0,0,0,1,0,1,1,0
junit4,bb13feee21bc4a77513d50d6855c4396db9f0609,0,0,0,0,0,0,0,0,0,0,0
junit4,d2da6a55bca4582c9a469f568df472a00e90ddf4,7,6,1,2,0,1,10,47,78,30,48
junit4,d6ccf5b0fa4e0d62eac42425a593b870af1247bd,3,3,0,1,0,1,5,2,8,6,2
junit4,ee037247a9a03d8ac2e584d52a544b9733f2c016,0,0,0,0,0,0,0,1,1,0,1
junit4,f4682ce2558cdca60d12fbef39e9ca0370eba592,0,0,0,0,0,0,0,6,6,0,6
mamute,51e041dd44cc47e24c7c9491a10ddfa2ef3abc08,0,0,0,0,0,0,0,1,1,0,1
mamute,57ab702b02702ac60aa41e22e9eb61ab8c693b62,0,0,0,0,0,0,0,0,0,0,0
mamute,d8733654497fe0e41a5cd8ab89462ea4d003fcf1,17,17,0,3,0,2,22,2,24,22,2
mcMMO,ab0fc06dc2d55fa20b4fcb123d9c8d6c5a6a3628,1,1,0,0,0,0,1,3,4,1,3
mcMMO,b6396b9dc548fd8b2d18f5de4845c308d1915764,0,0,0,0,0,0,0,2,2,0,2
mcMMO,fd7bcc4a32ecc6e8b9c705248c956eacef1d7588,25,25,0,2,0,0,27,31,57,26,31
POSA-14,86aeb696cb844692a39ab0cabcfca566017ce46d,0,0,0,0,0,0,0,0,0,0,0
querydsl,314678c057eb1a2597f50151aa3a7f99de519c8f,0,0,0,0,0,0,0,0,0,0,0
querydsl,c5bce173ceece103e21d2e34e47fd8499acd0d73,0,0,0,0,0,0,0,0,0,0,0
querydsl,f2710b1cf1ebbd7beada08ea5d97abc0e725e1e8,0,0,0,0,0,0,0,0,0,0,0
realm-java,00c9dd117b4b3279c4f48238948005994c90a491,0,0,0,0,0,0,0,1,1,0,1
realm-java,03e7e6b28b7f1bba1b730519bb61996c89e3e7f1,28,28,0,0,0,0,28,10,38,28,10
realm-java,1a4ec7374f2a3d80a6a4e105e34ab2aca9f5870f,4,4,0,0,0,0,4,3,7,4,3
realm-java,1c2fa226d03cd2cab86cfcbe5f29f5a8da8e936b,0,0,0,0,0,0,0,0,0,0,0
realm-java,26c34ba7f398e73a01baeaee27a64ff40260647c,1,1,0,0,0,0,1,0,1,1,0
realm-java,3bfb79bfe048114be4e73eba3d6e9503583a2752,1,1,0,0,0,0,1,30,31,1,30
realm-java,5d5b9d079f30a5de84393f5d6ea41279234e3a56,1,1,0,0,0,0,1,0,1,1,0
realm-java,5e5c3c1e2f31aed7ef8ffb0deeaff70bfb72a5ed,2,1,1,0,0,0,2,2,4,1,3
realm-java,7dc475924f49bcea2157ec11e6d2d27868db286e,4,4,0,0,0,0,4,3,7,4,3
realm-java,8a26445bda8257df9e754235fab41939084094c7,3,0,3,0,0,0,3,9,12,0,12
realm-java,8a424e815ddd465f32e56ac01a483372600e524c,6,6,0,1,0,0,7,8,24,16,8
realm-java,8f65b388098679ac7d0e4031ed94aec61a2d07ad,11,10,1,0,0,0,11,18,36,17,19
realm-java,9a5515e235b836664edcc0eb9b00875a05770860,4,4,0,0,0,0,4,8,12,4,8
redpen,810ef27f418203ff234102cf7fe5fa28f2cedb7d,0,0,0,0,0,0,0,2,3,1,2
redpen,b0bae90319a3edcfcdce388f61c053e017e72748,0,0,0,0,0,0,0,1,1,0,1
storm,037a9754fdee063d2238a9c41e6ffdb79759d33d,4,2,2,0,0,0,4,8,16,6,10
storm,0a98bee214b46ed20b566a9b49c3eca2895f9fd5,0,0,0,0,0,0,0,1,1,0,1
storm,11768ba2025c89ec6cccc232f682c50a46865dc8,9,9,0,0,0,2,11,5,19,14,5
storm,154ec7b6daec34c6289eaed1846d6bfba809f6ab,1,1,0,0,0,0,1,3,5,2,3
storm,20799b2e5a3eb983e017ce55cc0f5dff1cea7bd5,2,1,1,0,0,0,2,2,4,1,3
storm,2819989001fe0352aa65201192358cdc69fc9356,1,1,0,0,0,0,1,2,6,4,2
storm,3dc29e0dfde9923b54239714f5d7333cd1d11495,2,2,0,0,0,0,2,0,2,2,0
storm,62d725a85e7869290805cdbe55f1f3bce1f905de,6,5,1,0,0,0,6,12,24,11,13
storm,6589ab56b351809ce50aef18f1b0246ba6383c48,0,0,0,0,0,0,0,0,0,0,0
storm,672c3c002d0fc88de846ec4bdb98898e4104825d,0,0,0,0,0,0,0,0,0,0,0
storm,6c0f4f01aaef6c7a728db45c6d1b3726f2da1ab9,0,0,0,0,0,0,0,0,0,0,0
storm,84b7deaa5badc07b7ea8a88fef589577c837f8ee,0,0,0,0,0,0,0,0,0,0,0
storm,9b41ddfd599f6b0538095ee43fa8cf72d8f96d03,0,0,0,0,0,0,0,0,0,0,0
storm,a2502c3bc3bcd4caf3800bb645058abb61d2a071,0,0,0,0,0,0,0,0,0,0,0
storm,b47932d899917a8a2d1a5d9a671a448b147a7432,1,0,1,0,0,0,1,0,1,0,1
storm,bc391722098c1e66f6ebe0377a3de6b51a7cf38c,1,1,0,0,0,0,1,2,3,1,2
syncany,067742526d201ef6992e09d1e0fca71771f24dde,3,3,0,0,0,0,3,0,3,3,0
syncany,068b018d5b9f19a646436dd0ea0b781311ed6f00,2,2,0,1,0,0,3,5,8,3,5
syncany,0dba3efc0dbc65ae53136baa2717b63410b6a78d,22,22,0,0,0,0,22,55,101,46,55
syncany,161b2d147b39abd486630b0b6a495039a7aae8b5,3,1,2,0,0,0,3,1,4,1,3
syncany,24dc9b5d37e41ab269b44acab098d52e5f686418,3,2,1,0,0,0,3,5,8,2,6
syncany,2b59ffd008022d6fa27d22c00373ffb7b40d653e,1,1,0,0,0,0,1,1,2,1,1
syncany,3f52e3240fb81b8c61d63cacd2b8bd8746445830,30,29,1,4,0,1,35,29,78,48,30
syncany,705e0143d09c745524dd84cf99469dda6bc05aa1,28,28,0,1,0,2,31,14,45,31,14
syncany,a47fc1dccd876052e7fdfedb6ddfef2f3dd60ff3,1,1,0,0,0,0,1,0,1,1,0
syncany,ab684fbcbf3e7999e57bd854b2cb3573d0cd77ff,0,0,0,0,0,0,0,0,0,0,0
syncany,add2848df71d9e88ef2be3f01ac6725bd057b5a0,20,19,1,3,0,2,25,29,79,49,30
syncany,b6f7a28a9d333ebc5c65cbdcb19c5ab5b617fc4e,0,0,0,0,0,0,0,3,4,1,3
syncany,e84d8e403ed8267e0dc2cdb1cf185ab920929ccb,0,0,0,0,0,0,0,2,4,2,2
titan,3003b1b90e429c71ec44c9c95f5c91945a1ed069,10,10,0,1,0,1,12,7,21,14,7
titan,411a45c694006a80b591da2c4b0347928fa3721a,0,0,0,0,0,0,0,0,0,0,0
titan,68175b0a4c26bf6bd3920cb89fb110c79979356c,5,5,0,0,0,0,5,34,38,4,34
titan,70f3ad0364e67da54b03eabead1175af5ad94da2,28,28,0,0,0,0,28,16,47,31,16
titan,95aa6077d36145608a21dc92dae4140715206cbf,0,0,0,0,0,0,0,1,1,0,1
titan,ef37b417f5532f1f2d6731f5d88c4119be4c53ae,8,5,3,0,0,0,8,16,25,6,19
